Product_ID,Stock_Ordered,Units_Sold,Stock_Remaining,Sell_Through_Rate,Days_In_Stock,Markdown_Count,Markdown_Loss,Status,Risk_Score,check
P0146,112,97,15,86.61,307,3,822.22,Active,3.0,
P0572,120,38,82,31.67,143,3,200.71,Deadstock,18.6,Y
P0230,81,47,34,58.02,276,3,214.79,Slow-Moving,27.0,Y
P0203,97,65,32,67.01,666,3,424.91,Active,9.4,
P0186,77,50,27,64.94,138,3,188.07,Slow-Moving,7.1,Y
P0211,83,55,28,66.27,289,3,459.27,Active,30.6,N
P0157,113,44,69,38.94,281,3,259.5,Deadstock,53.8,N
P0643,62,62,0,100.0,185,3,274.58,Sold Out,12.2,
P0241,81,26,55,32.1,100,3,39.72,Deadstock,13.7,
P0638,98,41,57,41.84,326,3,145.37,Deadstock,29.2,
P0274,86,31,55,36.05,97,3,104.33,Slow-Moving,40.8,
P0385,101,81,20,80.2,319,3,694.17,Active,26.1,
P0210,63,52,11,82.54,498,3,674.9,Active,5.0,N
P0486,120,37,83,30.83,130,3,61.54,Deadstock,26.2,
P0118,98,73,25,74.49,665,3,145.2,Active,18.4,
P0240,93,56,37,60.22,516,3,199.89,Slow-Moving,-5.8,
P0585,66,66,0,100.0,207,3,433.51,Sold Out,27.2,N
P0500,72,72,0,100.0,171,3,259.46,Sold Out,30.6,
P0058,88,46,42,52.27,675,3,454.25,Slow-Moving,25.2,Y
P0788,65,49,16,75.38,111,3,234.45,Active,5.2,
P0579,112,30,82,26.79,639,3,196.68,Deadstock,33.9,
P0380,115,60,55,52.17,296,3,497.13,Slow-Moving,18.0,Y
P0315,87,57,30,65.52,311,3,701.84,Active,43.6,
P0091,67,42,25,62.69,328,3,177.92,Slow-Moving,43.0,N
P0715,95,50,45,52.63,135,3,736.82,Slow-Moving,21.8,Y
P0037,69,69,0,100.0,153,3,282.99,Sold Out,-3.3,
P0513,68,68,0,100.0,147,3,320.57,Sold Out,27.9,
P0101,71,70,1,98.59,513,3,452.92,Active,17.1,N
P0079,75,75,0,100.0,241,3,319.99,Sold Out,28.2,N
P0627,102,32,70,31.37,124,3,113.81,Deadstock,23.9,N
P0253,110,65,45,59.09,652,3,266.19,Slow-Moving,34.8,
P0264,78,78,0,100.0,206,3,191.72,Sold Out,-7.2,Y
P0450,60,25,35,41.67,471,3,153.01,Deadstock,52.3,
P0523,102,62,40,60.78,111,3,475.64,Slow-Moving,-1.8,Y
P0171,60,57,3,95.0,682,3,533.86,Active,37.3,
P0601,81,59,22,72.84,289,3,170.87,Active,18.9,Y
P0049,77,59,18,76.62,652,3,252.0,Active,-14.5,
P0238,118,53,65,44.92,677,3,362.57,Deadstock,14.5,
P0764,89,40,49,44.94,124,3,228.96,Slow-Moving,33.1,Y
P0499,90,77,13,85.56,306,3,300.3,Active,16.8,Y
P0617,104,52,52,50.0,320,3,172.31,Slow-Moving,21.0,Y
P0237,72,71,1,98.61,677,3,187.55,Active,25.2,
P0675,157,71,86,45.22,141,3,117.03,Slow-Moving,-17.5,
P0308,63,58,5,92.06,678,3,273.91,Active,35.1,Y
P0275,79,58,21,73.42,322,3,275.19,Active,11.2,
P0135,60 units,60,0,100.0,128,3,177.56,Sold Out,28.7,
P0092,100,56,44,56.0,514,3,205.33,Slow-Moving,7.9,Y
P0056,66,49,17,74.24,467,3,261.01,Active,12.1,
P0661,63,46,17,73.02,643,3,472.64,Active,29.1,Y
P0623,119,54,65,45.38,469,3,308.59,Deadstock,7.7,N
P0798,106,50,56,47.17,290,3,484.78,Deadstock,23.4,N
P0694,120,45,75,37.5,487,3,243.77,Deadstock,9.1,
P0483,104,63,41,60.58,310,3,539.82,Slow-Moving,53.4,
P0375,110,85,25,77.27,475,3,198.29,Active,27.5,
P0165,108,79,29,73.15,462,3,245.54,Active,-4.8,
P0720,99,70,29,70.71,517,3,236.95,Active,17.1,
P0633,88,84,4,95.45,511,3,318.63,Active,-3.9,
P0201,64,50,14,78.12,98,3,142.8,Active,10.2,
P0304,108,38,70,35.19,96,3,129.44,Slow-Moving,20.1,
P0428,79,40,39,50.63,329,3,511.48,Slow-Moving,48.8,
P0409,100,69,-25,69.0,663,3,185.2,Active,14.1,
P0407,118,75,43,63.56,644,3,759.78,Slow-Moving,38.8,Y
P0669,72,39,33,54.17,130,3,110.7,Slow-Moving,20.7,
P0005,107,87,20,81.31,325,3,313.99,Active,0.9,
P0036,78,58,20,74.36,696,3,563.74,Active,27.9,
P0268,76,76,0,100.0,181,3,468.67,Sold Out,16.8,
P0042,79,44,35,55.7,639,3,339.66,Slow-Moving,6.4,N
P0719,111,84,27,75.68,133,3,367.56,Active,4.5,N
P0139,61,59,2,132.44923618639314,150,3,517.48,Active,22.2,
P0148,62,62,0,100.0,150,3,144.28,Sold Out,7.3,Y
P0251,100,63,37,63.0,475,3,385.84,Slow-Moving,33.3,
P0393,71,71,0,100.0,101,3,210.38,Sold Out,-3.7,
P0640,95,66,29,69.47,283,3,324.98,Active,12.5,N
P0076,92,30,62,32.61,99,2,166.79,Deadstock,41.5,N
P0178,91,28,63,30.77,295,3,63.35,Deadstock,29.0,Y
P0075,104,42,62,40.38,144,3,331.23,Slow-Moving,17.4,
P0554,91,39,52,42.86,116,3,89.1,Slow-Moving,18.9,Y
P0644,91,74,17,81.32,653,3,326.16,Active,15.4,Y
P0767,65,65,0,100.0,200,3,294.3,Sold Out,14.5,Y
P0590,115,46,69,40.0,477,3,380.99,Deadstock,15.6,N
P0557,84,58,26,69.05,691,3,433.82,Active,28.0,N
P0172,118,60,58,50.85,657,3,209.04,Slow-Moving,4.5,
P0293,117,32,85,27.35,291,3,400.54,Deadstock,54.0,N
P0438,118,47,71,39.83,321,3,128.03,Deadstock,21.1,
P0012,97,59,38,60.82,475,3,144.0,Slow-Moving,37.8,N
P0426,89,54,35,60.67,151,3,239.05,Slow-Moving,23.4,
P0568,62,52,10,83.87,295,3,211.49,Active,3.3,Y
P0716,80,58,22,72.5,507,3,429.64,Active,14.5,
P0179,76,46,30,60.53,305,3,233.59,Slow-Moving,39.4,
P0292,87,38,49,43.68,132,3,138.51,Slow-Moving,-7.2,
P0652,66,20,46,30.3,281,3,393.28,Deadstock,67.6,Y
P0754,65,65,0,100.0,136,3,191.22,Sold Out,19.5,N
P0281,107,51,56,47.66,691,3,509.86,Deadstock,33.2,
P0173,83,69,14,83.13,333,3,217.41,Active,43.4,
P0591,102,31,71,30.39,131,3,138.92,Deadstock,45.1,Y
P0649,100,92,8,92.0,332,3,366.23,Active,9.9,
P0284,71,69,2,97.18,324,3,491.04,Active,-1.3,
P0295,94,79,15,84.04,289,3,461.51,Active,-1.2,
P0014,85,34,51,40.0,127,3,113.35,Slow-Moving,-12.6,N
P0307,104,32,72,30.77,96,3,104.48,Deadstock,10.6,N
P0456,75,73,2,97.33,319,3,469.96,Active,42.4,Y
P0132,87,41,46,47.13,487,3,357.94,Deadstock,28.0,N
P0447,63,63,0,100.0,153,3,388.17,Sold Out,-3.9,
P0539,102,33,69,32.35,289,3,175.37,Deadstock,44.3,
P0055,104,79,25,75.96,476,3,646.41,Active,40.4,
P0261,68,39,29,57.35,103,3,175.69,Slow-Moving,30.0,N
P0522,85,69,16,81.18,649,3,227.5,Active,22.5,Y
P0339,90,64,26,71.11,502,3,532.67,Active,40.9,
P0098,88,26,62,29.55,137,3,177.49,Deadstock,32.9,
P0637,110,65,45,59.09,681,3,337.74,Slow-Moving,-8.8,
P0400,62,46,16,74.19,648,3,171.18,Active,24.5,
P0044,89,89,0,100.0,255,3,562.24,Sold Out,17.0,N
P0527,91,61,30,67.03,499,3,642.73,Active,26.8,
P0163,83,78,5,93.98,691,3,411.67,Active,29.6,Y
P0628,112,46,66,41.07,658,3,105.27,Deadstock,25.4,Y
P0352,90,31,59,34.44,144,3,166.95,Deadstock,35.4,
P0247,107,66,41,61.68,130,3,162.83,Slow-Moving,9.4,
P0699,101,35,66,34.65,122,3,167.64,Deadstock,22.7,
P0747,87,44,43,50.57,140,3,149.93,Slow-Moving,13.0,
P0218,70,70,0,100.0,180,3,287.49,Sold Out,25.1,N
P0398,104,42,62,40.38,652,3,288.29,Deadstock,8.1,Y
P0515,119,68,51,57.14,646,3,427.61,Slow-Moving,24.1,Y
P0688,70,51,19,72.86,648,3,360.37,Active,24.7,Y
P0231,75,75,0,100.0,183,3,181.69,Sold Out,7.3,
P0233,84,43,41,51.19,646,3,249.18,Slow-Moving,20.5,N
P0103,94,41,53,43.62,292,3,326.91,Deadstock,17.8,
P0006,87,55,32,63.22,677,3,555.27,Slow-Moving,12.9,N
P0189,72,61,11,84.72,688,3,376.25,Active,15.3,
P0656,116,76,40,65.52,321,3,369.82,Active,-3.0,N
P0108,88,52,36,59.09,696,3,618.81,Slow-Moving,35.7,
P0290,105,34,71,32.38,143,3,160.72,Deadstock,49.4,
P0397,100,59,41,59.0,467,3,179.19,Slow-Moving,36.2,N
P0787,62,62,0,100.0,168,3,308.2,Sold Out,6.7,
P0464,94,37,57,39.36,697,3,268.7,Deadstock,23.8,
P0753,120,55,65,45.83,512,3,371.15,Deadstock,19.0,N
P0674,75,70,5,93.33,295,3,533.35,Active,40.5,
P0521,72,72,0,100.0,121,3,137.18,Sold Out,5.2,N
P0663,80,47,33,58.75,468,3,432.06,Slow-Moving,24.2,
P0270,92,41,51,44.57,148,3,115.68,Slow-Moving,13.3,
P0732,67,57,10,85.07,326,3,279.88,Active,-8.5,Y
P0567,111,18,93,16.22,474,3,62.4,Deadstock,36.7,
P0689,89,49,40,55.06,116,3,211.91,Slow-Moving,31.6,
P0726,120,62,58,51.67,101,3,130.38,Slow-Moving,3.4,
P0686,64,53,11,82.81,320,3,776.86,Active,24.5,N
P0418,115,57,58,49.57,94,3,119.19,Slow-Moving,-9.3,
P0670,98,96,2,97.96,502,3,423.57,Active,-12.8,
P0796,79,79,0,100.0,179,3,323.96,Sold Out,11.8,Y
P0167,88,28,60,31.82,300,3,135.05,Deadstock,40.1,
P0317,67,67,0,100.0,122,3,116.81,Sold Out,10.0,Y
P0080,108,57,51,52.78,126,3,275.88,Slow-Moving,26.5,
P0790,76,76,0,100.0,213,3,392.89,Sold Out,15.5,
P0759,101,47,54,46.53,483,3,178.63,Deadstock,25.5,Y
P0051,61,61,0,100.0,191,3,155.79,Sold Out,-1.8,Y
P0510,88,88,0,100.0,256,3,254.52,Sold Out,18.6,N
P0373,105,28,77,26.67,661,3,191.5,Deadstock,36.3,
P0705,114,63,51,55.26,283,3,392.81,Slow-Moving,37.6,
P0318,78,51,27,65.38,330,3,599.28,Active,35.2,Y
P0151,103,48,55,46.6,494,3,234.45,Deadstock,15.9,N
P0271,64,46,18,71.88,497,3,145.2,Active,26.9,N
P0388,114,54,60,47.37,476,3,616.52,Deadstock,21.0,Y
P0086,120,44,76,36.67,310,3,285.66,Deadstock,40.1,
P0690,63,63,0,100.0,79,3,83.28,Sold Out,-1.4,
P0133,83,63,20,75.9,122,3,82.77,Active,16.5,Y
P0704,81,81,0,100.0,203,3,164.58,Sold Out,-13.3,
P0010,81,44,37,54.32,321,3,258.4,Slow-Moving,39.1,Y
P0687,106,60,46,56.6,492,3,640.29,Slow-Moving,46.5,
P0286,74,60,14,81.08,673,3,493.03,Active,-7.3,
P0492,111,78,33,70.27,330,3,339.18,Active,12.0,Y
P0083,68,46,22,67.65,501,3,157.81,Active,55.3,
P0065,71,44,27,61.97,148,3,80.29,Slow-Moving,21.3,N
P0470,85,55,30,64.71,133,3,197.54,Slow-Moving,35.1,N
P0647,108,35,73,32.41,120,3,146.31,Deadstock,9.7,
P0222,99,74,25,74.75,484,3,509.83,Active,-5.9,
P0463,98,44,54,44.9,485,3,321.12,Deadstock,15.9,
P0606,96,43,53,44.79,325,3,150.92,Deadstock,11.9,
P0120,64,33,31,51.56,670,3,227.04,Slow-Moving,33.3,
P0626,76,76,0,100.0,206,3,421.41,Sold Out,15.4,
P0445,116,31,85,26.72,667,3,410.96,Deadstock,66.7,
P0204,95,94,1,98.95,512,3,815.18,Active,3.0,
P0641,101,69,32,68.32,473,3,883.68,Active,2.0,N
P0227,93,27,66,29.03,96,3,34.3,Deadstock,30.9,
P0685,61,61,0,100.0,191,3,379.89,Sold Out,41.6,
P0300,67,67,0,100.0,172,3,130.8,Sold Out,1.9,N
P0574,91,76,15,83.52,463,3,318.52,Active,-8.0,Y
P0122,112,26,86,23.21,685,3,137.4,Deadstock,35.7,
P0337,91,23,68,25.27,137,3,152.43,Deadstock,24.9,N
P0162,99,60,39,60.61,477,3,280.75,Slow-Moving,33.8,N
P0168,96,50,46,52.08,511,3,409.35,Slow-Moving,21.1,
P0370,72,72,0,100.0,190,3,332.39,Sold Out,23.1,Y
P0645,91,24,67,26.37,103,3,122.48,Deadstock,31.9,
P0301,83,70,13,84.34,518,3,803.48,Active,1.6,
P0152,142,66,76,46.48,135,3,104.21,Slow-Moving,-19.0,
P0183,73,61,12,83.56,652,3,520.33,Active,25.8,
P0427,115,50,65,43.48,140,3,359.94,Slow-Moving,21.5,
P0060,98,34,64,34.69,131,3,100.13,Deadstock,31.0,Y
P0578,103,56,47,54.37,101,3,211.16,Slow-Moving,13.4,N
P0196,107,71,36,66.36,470,3,270.48,Active,-5.7,Y
P0041,96,55,41,57.29,645,3,168.08,Slow-Moving,28.6,
P0695,96,37,59,38.54,506,3,331.0,Deadstock,34.5,
P0250,117,36,81,30.77,469,3,274.29,Deadstock,32.9,
P0363,94,59,35,62.77,333,3,460.56,Slow-Moving,29.2,Y
P0479,115,88,27,76.52,317,3,741.96,Active,-3.8,N
P0458,85 units,80,5,94.12,674,3,402.45,Active,25.8,
P0530,71,41,30,57.75,144,3,185.32,Slow-Moving,21.3,
P0653,78,45,33,57.69,129,3,444.68,Slow-Moving,24.2,Y
P0457,97,70,27,72.16,327,3,544.16,Active,27.3,
P0396,93,63,30,67.74,485,3,136.5,Active,33.2,N
P0125,106,50,56,47.17,131,3,217.7,Slow-Moving,41.4,
P0605,79,65,14,82.28,143,3,91.0,Active,2.7,N
P0773,118,79,39,66.95,301,3,254.01,Active,7.1,
P0625,120,67,53,55.83,517,3,422.64,Slow-Moving,37.7,
P0262,74,25,49,33.78,123,2,52.25,Deadstock,16.7,
P0748,119,38,81,31.93,514,3,307.09,Deadstock,45.1,N
P0170,82,38,44,46.34,481,3,137.41,Deadstock,37.4,
P0255,70,39,31,55.71,691,3,413.38,Slow-Moving,50.5,Y
P0611,93,44,49,47.31,469,3,160.0,Deadstock,15.4,
P0035,119,61,58,51.26,144,3,141.57,Slow-Moving,29.3,
P0228,73,73,0,100.0,178,3,254.16,Sold Out,5.1,
P0542,91,84,7,92.31,669,3,172.85,Active,1.8,Y
P0734,103,57,46,55.34,678,3,136.51,Slow-Moving,33.4,Y
P0615,112,46,66,41.07,330,3,236.8,Deadstock,38.3,
P0164,71 units,64,7,90.14,462,3,203.41,Active,7.6,
P0650,62,59,3,95.16,516,3,433.47,Active,11.1,
P0599,119,37,82,31.09,126,3,250.73,Deadstock,6.8,Y
P0032,83,75,8,90.36,140,3,290.12,Active,21.0,N
P0184,103,60,43,58.25,292,3,283.61,Slow-Moving,29.2,N
P0744,71,42,29,59.15,474,3,162.01,Slow-Moving,40.4,
P0592,119,43,76,36.13,693,3,137.34,Deadstock,24.0,Y
P0546,116,43,73,37.07,128,2,175.98,Slow-Moving,23.8,
P0416,64,51,13,79.69,296,3,416.74,Active,9.9,
P0593,72,72,0,100.0,224,3,596.68,Sold Out,21.9,N
P0430,102,85,17,136.45375727663878,699,3,365.78,Active,3.6,Y
P0104,64,32,32,50.0,312,3,198.84,Slow-Moving,30.8,Y
P0727,72,33,39,45.83,96,3,152.74,Slow-Moving,28.8,Y
P0751,111,17,94,15.32,103,3,118.69,Deadstock,44.3,Y
P0549,109,70,39,64.22,669,3,422.4,Slow-Moving,27.9,Y
P0459,93,59,34,63.44,664,3,450.15,Slow-Moving,29.9,
P0197,78,78,0,100.0,155,3,424.2,Sold Out,6.1,N
P0273,104,62,42,59.62,145,3,236.26,Slow-Moving,32.1,
P0121,106,79,27,74.53,661,3,217.69,Active,14.1,
P0267,86,29,57,33.72,281,3,300.78,Deadstock,56.8,Y
P0128,111,34,77,30.63,126,2,84.72,Deadstock,43.1,N
P0344,99,83,16,83.84,483,3,327.46,Active,-13.9,Y
P0544,75,75,0,135.0108338269836,187,3,315.7,Sold Out,25.7,
P0602,80,80,0,100.0,192,3,338.21,Sold Out,11.8,N
P0081,76,19,57,25.0,95,2,46.06,Deadstock,46.1,
P0350,95,24,71,25.26,472,3,312.62,Deadstock,53.4,N
P0642,92,48,44,52.17,123,3,70.25,Slow-Moving,39.9,
P0333,72,72,0,139.92917914666106,210,3,152.93,Sold Out,7.2,N
P0280,120,87,33,72.5,330,3,328.46,Active,12.6,Y
P0566,62,62,0,100.0,127,3,267.54,Sold Out,-3.8,
P0160,87,32,55,36.78,291,3,242.98,Deadstock,37.3,
P0660,96,54,42,56.25,515,3,177.91,Slow-Moving,31.8,
P0193,87,24,63,27.59,121,2,84.78,Deadstock,34.9,Y
P0023,117,55,62,47.01,303,3,241.8,Deadstock,41.8,Y
P0182,88,60,28,68.18,475,3,519.21,Active,36.3,
P0276,86,74,12,86.05,303,3,158.1,Active,3.6,N
P0749,81,47,34,125.62751336969856,650,3,166.47,Slow-Moving,28.1,Y
P0587,83,41,42,49.4,101,3,150.6,Slow-Moving,20.6,Y
P0123,63,30,33,47.62,651,3,137.07,Deadstock,31.0,N
P0784,90,38,52,42.22,290,3,375.49,Deadstock,46.5,
P0332,78,39,39,50.0,486,3,493.2,Slow-Moving,31.4,
P0213,104,55,49,52.88,103,3,224.28,Slow-Moving,3.7,Y
P0067,115,88,27,76.52,506,3,222.74,Active,17.7,N
P0191,98,69,29,70.41,495,3,401.94,Active,22.9,
P0085,104,45,59,43.27,694,3,172.92,Deadstock,6.1,
P0243,97,42,55,43.3,307,3,440.41,Deadstock,35.9,N
P0156,107,37,70,34.58,314,3,163.55,Deadstock,24.1,
P0706,114,46,68,40.35,488,3,480.7,Deadstock,19.5,N
P0672,75,52,23,69.33,675,3,349.93,Active,21.4,
P0329,108,47,61,43.52,322,3,592.25,Deadstock,39.5,N
P0102,76,24,52,31.58,124,2,126.77,Deadstock,62.9,
P0547,79,36,43,45.57,475,3,124.08,Deadstock,25.1,N
P0319,85,85,0,100.0,174,3,215.68,Sold Out,8.7,
P0449,85,65,20,76.47,301,3,592.48,Active,28.2,
P0789,100,82,18,82.0,698,3,441.76,Active,-7.2,Y
P0471,111,56,55,50.45,686,3,640.61,Slow-Moving,0.3,
P0683,93,54,39,58.06,319,3,445.56,Slow-Moving,24.9,
P0246,94,59,35,62.77,694,3,154.02,Slow-Moving,16.8,
P0314,99,39,60,39.39,109,3,109.08,Slow-Moving,7.1,
P0371,90,44,46,48.89,129,3,135.47,Slow-Moving,4.8,N
P0548,85,81,4,95.29,280,3,293.35,Active,9.5,
P0758,91,56,35,61.54,484,3,123.55,Slow-Moving,19.1,N
P0143,101,58,43,114.54127213117536,660,3,195.48,Slow-Moving,21.3,N
P0328,115,52,63,45.22,118,3,153.56,Slow-Moving,6.5,
P0346,91 units,78,13,85.71,495,3,559.8,Active,23.1,
P0046,75,75,0,100.0,209,3,265.03,Sold Out,18.4,N
P0422,104,83,21,79.81,297,3,308.8,Active,5.2,
P0374,104,21,83,110.65461122328406,128,3,137.62,Deadstock,58.2,Y
P0559,75,52,23,69.33,517,3,357.57,Active,26.2,N
P0403,112,48,64,42.86,466,3,400.18,Deadstock,30.5,
P0027,95,24,71,25.26,110,3,68.32,Deadstock,6.0,Y
P0269,100,59,41,59.0,293,3,374.49,Slow-Moving,42.8,
P0064,62,62,0,100.0,125,3,368.11,Sold Out,11.1,
P0595,106,67,39,63.21,473,3,389.58,Slow-Moving,29.7,
P0379,119,63,56,52.94,131,3,615.25,Slow-Moving,17.3,
P0777,63,63,0,100.0,101,3,388.12,Sold Out,2.4,N
P0034,130,59,71,45.38,106,3,284.1,Slow-Moving,-9.9,N
P0739,82,80,-50,97.56,683,3,793.63,Active,25.6,N
P0347,60,56,4,93.33,299,3,517.55,Active,13.8,
P0119,70,48,22,68.57,689,3,546.31,Active,46.3,
P0016,77,68,9,88.31,129,3,515.64,Active,11.6,N
P0368,76,34,42,44.74,125,3,46.64,Slow-Moving,40.2,
P0043,117,34,83,29.06,673,3,220.66,Deadstock,47.0,Y
P0382,83,34,49,40.96,135,3,267.97,Slow-Moving,22.9,Y
P0175,112,47,65,41.96,458,3,149.0,Deadstock,32.0,N
P0311,79,74,5,93.67,488,3,617.1,Active,53.5,Y
P0722,88,32,56,36.36,112,3,140.32,Slow-Moving,38.7,
P0588,92,52,40,56.52,668,3,262.49,Slow-Moving,-10.8,N
P0094,110,26,84,23.64,667,3,158.92,Deadstock,32.0,
P0364,90,25,65,27.78,324,3,187.08,Deadstock,34.5,Y
P0488,113,52,61,46.02,482,3,817.62,Deadstock,15.2,N
P0389,115,57,58,49.57,104,3,244.66,Slow-Moving,35.0,
P0154,146,93,53,63.7,479,3,632.17,Slow-Moving,-10.8,N
P0117,97,44,53,45.36,148,3,148.74,Slow-Moving,17.8,
P0533,80,27,53,33.75,112,3,80.56,Deadstock,7.6,
P0791,94,35,59,37.23,486,3,573.91,Deadstock,54.0,N
P0330,118,71,47,60.17,684,3,242.13,Slow-Moving,4.1,
P0677,116,27,89,23.28,102,3,57.31,Deadstock,22.8,
P0019,64,15,49,23.44,656,3,77.22,Deadstock,53.5,Y
P0024,96,37,59,38.54,462,3,115.35,Deadstock,23.3,Y
P0277,79,79,0,100.0,221,3,783.81,Sold Out,25.7,Y
P0031,61,39,22,63.93,472,3,489.49,Slow-Moving,37.8,
P0584,99,66,33,66.67,699,3,481.71,Active,26.3,
P0001,116,50,66,43.1,319,3,218.37,Deadstock,35.6,Y
P0073,114,77,37,67.54,137,3,174.64,Active,18.2,Y
P0671,95,55,40,57.89,136,3,143.87,Slow-Moving,8.6,N
P0750,97,45,52,46.39,285,3,215.34,Deadstock,21.3,N
P0345,70,65,5,92.86,311,3,555.71,Active,11.9,N
P0444,83,40,43,48.19,659,3,316.71,Deadstock,27.9,Y
P0116,98,28,70,28.57,108,2,32.32,Deadstock,41.9,N
P0310,72,60,12,83.33,100,3,257.95,Active,25.5,N
P0390,83,62,21,74.7,320,3,390.2,Active,-5.3,
P0561,101,32,69,31.68,680,3,132.79,Deadstock,33.2,
P0598,112,45,67,40.18,472,3,706.57,Deadstock,37.7,
P0543,82,35,47,42.68,293,3,189.74,Deadstock,42.0,Y
P0512,112,68,44,60.71,141,3,153.56,Slow-Moving,14.0,
P0025,119,47,-34,39.5,510,3,422.94,Deadstock,38.5,N
P0534,86,43,43,50.0,141,3,102.76,Slow-Moving,0.3,N
P0327,89 units,55,34,61.8,472,3,318.13,Slow-Moving,26.8,
P0200,64,64,0,100.0,120,3,244.97,Sold Out,18.9,N
P0206,85,48,37,56.47,279,3,158.77,Slow-Moving,-10.1,
P0321,66,50,16,75.76,123,3,187.03,Active,29.0,
P0349,100,43,57,43.0,318,3,137.6,Deadstock,20.6,
P0376,136,91,45,66.91,514,3,440.33,Active,-13.3,
P0526,68,60,8,88.24,282,3,520.59,Active,-5.1,
P0454,98,43,55,43.88,697,3,282.29,Deadstock,39.8,Y
P0742,91,69,22,75.82,495,3,650.45,Active,-5.4,Y
P0312,113,59,54,52.21,104,3,201.03,Slow-Moving,3.0,
P0723,109,62,47,56.88,118,3,242.91,Slow-Moving,4.3,
P0774,70,46,24,65.71,509,3,142.45,Active,34.7,Y
P0265,86,28,58,32.56,322,3,312.24,Deadstock,42.3,N
P0714,80,80,0,100.0,243,3,171.11,Sold Out,17.3,N
P0667,101,50,51,49.5,110,3,156.83,Slow-Moving,10.5,
P0600,60,60,0,100.0,137,3,366.05,Sold Out,11.3,Y
P0309,120,70,50,58.33,284,3,216.26,Slow-Moving,-10.9,N
P0296,66,66,0,100.0,152,3,243.63,Sold Out,24.4,N
P0698,95,58,37,61.05,470,3,236.4,Slow-Moving,-4.8,
P0621,94,63,31,67.02,333,3,417.95,Active,26.9,
P0283,78,48,30,61.54,283,3,462.89,Slow-Moving,37.0,N
P0700,60,43,17,71.67,145,3,239.13,Active,36.4,
P0149,85,23,62,27.06,291,3,97.25,Deadstock,54.7,N
P0493,70,67,3,95.71,314,3,280.28,Active,29.8,Y
P0740,110,46,64,41.82,684,3,227.97,Deadstock,29.4,N
P0106,110,78,32,70.91,471,3,867.72,Active,27.7,N
P0746,100,30,70,30.0,502,3,327.75,Deadstock,36.6,Y
P0115,79,79,0,100.0,201,3,423.16,Sold Out,13.6,
P0235,80,46,34,57.5,666,3,233.1,Slow-Moving,7.9,Y
P0462,66,37,29,56.06,651,3,158.73,Slow-Moving,22.6,
P0436,77,43,34,55.84,662,3,186.18,Slow-Moving,25.4,N
P0552,93,53,40,56.99,669,3,271.7,Slow-Moving,7.4,Y
P0050,74,51,23,68.92,475,3,378.48,Active,-4.2,N
P0244,104,42,62,40.38,108,3,92.77,Slow-Moving,12.3,
P0303,99,50,49,50.51,658,3,271.28,Slow-Moving,10.4,N
P0279,75,68,7,90.67,332,3,477.15,Active,33.2,
P0180,74,68,6,91.89,491,3,358.72,Active,20.8,
P0202,100,87,13,87.0,287,3,524.15,Active,-9.9,Y
P0158,90,51,39,56.67,670,3,194.86,Slow-Moving,4.9,
P0232,160,91,69,56.88,319,3,733.98,Slow-Moving,-10.3,
P0731,101,57,44,56.44,690,3,137.27,Slow-Moving,34.7,N
P0634,80,48,32,60.0,471,3,250.26,Slow-Moving,37.1,N
P0776,95,36,59,37.89,669,3,162.04,Deadstock,41.8,Y
P0757,61,61,0,100.0,161,3,349.07,Sold Out,16.8,
P0709,64,53,11,82.81,105,3,67.76,Active,13.8,N
P0299,120,96,24,80.0,326,3,837.76,Active,8.0,
P0651,102,53,49,51.96,96,3,167.65,Slow-Moving,-2.4,
P0772,100,28,72,28.0,471,3,441.18,Deadstock,51.2,
P0298,101,79,22,78.22,287,3,205.86,Active,21.4,Y
P0353,71,71,0,100.0,144,3,354.61,Sold Out,11.6,
P0033,109,26,83,23.85,97,3,63.53,Deadstock,36.1,
P0431,108,77,31,71.3,152,3,158.28,Active,-17.6,Y
P0387,109,58,51,53.21,649,3,250.69,Slow-Moving,-5.1,Y
P0205,69,60,9,86.96,458,3,493.0,Active,12.0,
P0126,93,28,65,30.11,134,3,43.07,Deadstock,44.6,
P0176,75,52,23,69.33,696,3,420.4,Active,23.5,
P0586,109,33,76,30.28,483,3,213.2,Deadstock,30.4,
P0537,100,33,67,33.0,501,3,293.72,Deadstock,41.4,
P0236,111,42,69,37.84,150,3,84.56,Slow-Moving,11.0,N
P0111,86,33,53,38.37,663,3,172.67,Deadstock,40.9,Y
P0096,74,74,0,100.0,178,3,457.61,Sold Out,16.5,
P0775,120,80,40,66.67,685,3,419.75,Active,16.5,
P0021,80,57,23,71.25,486,3,310.32,Active,15.0,
P0684,85,83,2,122.44255720683293,292,3,462.31,Active,15.2,
P0658,115,90,25,78.26,481,3,365.54,Active,2.5,Y
P0029,117,86,31,73.5,518,3,241.15,Active,10.3,
P0278,117,79,38,67.52,645,3,302.6,Active,-8.9,Y
P0655,80,72,8,90.0,667,3,411.12,Active,14.6,Y
P0285,72,35,37,48.61,107,3,134.57,Slow-Moving,36.0,N
P0417,117,37,80,31.62,274,2,135.17,Deadstock,25.9,
P0257,92,32,60,34.78,473,3,141.95,Deadstock,29.9,
P0185,119,66,53,55.46,296,3,277.03,Slow-Moving,36.0,
P0399,100,38,62,38.0,654,3,170.0,Deadstock,52.3,
P0469,101,69,32,68.32,689,3,885.86,Active,32.1,Y
P0607,79,50,29,63.29,677,3,319.57,Slow-Moving,21.9,N
P0212,99,40,59,40.4,119,3,135.3,Slow-Moving,-10.2,Y
P0582,112,67,45,59.82,293,3,476.08,Slow-Moving,14.4,Y
P0090,97,55,42,56.7,489,3,777.82,Slow-Moving,23.9,
P0405,61,27,34,44.26,126,2,84.15,Slow-Moving,37.8,Y
P0377,90,52,38,57.78,318,3,244.47,Slow-Moving,8.2,Y
P0229,97,61,36,62.89,646,3,193.98,Slow-Moving,11.9,
P0192,81,41,40,50.62,508,3,315.48,Slow-Moving,50.3,N
P0448,95 units,61,34,64.21,511,3,277.36,Slow-Moving,33.8,
P0735,99,41,58,41.41,148,3,127.04,Slow-Moving,-4.6,
P0624,80,62,18,77.5,99,3,319.92,Active,32.4,N
P0532,75,75,0,100.0,202,3,520.29,Sold Out,25.3,
P0691,79,62,17,78.48,308,3,355.86,Active,20.2,
P0551,105,62,43,59.05,318,3,539.24,Slow-Moving,15.2,N
P0692,65,57,8,87.69,329,3,157.98,Active,41.1,N
P0741,114,53,61,46.49,674,3,796.74,Deadstock,50.8,
P0028,101,85,16,84.16,504,3,338.75,Active,23.3,
P0453,89,47,42,52.81,502,3,145.05,Slow-Moving,13.6,
P0217,117,48,69,41.03,658,3,333.8,Deadstock,33.1,
P0249,116,42,74,36.21,464,3,323.82,Deadstock,31.4,
P0190,70,31,39,44.29,694,3,108.96,Deadstock,33.6,
P0659,113,27,86,23.89,482,3,131.52,Deadstock,32.7,
P0392,68,68,0,104.02516469367173,168,3,112.49,Sold Out,14.5,
P0518,93,93,0,100.0,270,3,685.6,Sold Out,43.9,N
P0071,97,56,41,57.73,320,3,414.4,Slow-Moving,33.8,
P0288,75 units,37,38,49.33,142,3,233.96,Slow-Moving,14.3,
P0668,87,10,77,11.49,129,3,63.7,Deadstock,42.7,N
P0618,91,26,65,28.57,458,3,123.06,Deadstock,37.7,
P0555,105,64,41,60.95,668,3,173.99,Slow-Moving,31.8,Y
P0022,96,85,11,88.54,286,3,252.42,Active,0.8,
P0780,111,65,46,58.56,125,3,163.24,Slow-Moving,-15.6,
P0785,60 units,32,28,53.33,471,3,111.91,Slow-Moving,38.4,Y
P0451,118,35,83,29.66,135,3,78.37,Deadstock,11.1,Y
P0509,87,87,0,100.0,240,3,336.39,Sold Out,0.7,
P0369,71,71,0,100.0,203,3,177.21,Sold Out,-7.5,N
P0336,90,78,12,86.67,290,3,755.62,Active,38.6,Y
P0565,117,51,66,43.59,661,3,314.13,Deadstock,-12.0,
P0220,68,66,2,97.06,480,3,241.96,Active,16.0,Y
P0234,99,73,26,73.74,307,3,262.27,Active,33.2,
P0224,101,37,64,36.63,467,3,165.74,Deadstock,16.3,N
P0477,112,39,73,34.82,697,3,483.35,Deadstock,43.6,
P0415,85,74,11,87.06,468,3,416.57,Active,33.8,
P0289,67,51,16,76.12,663,3,275.7,Active,20.7,
P0664,105,68,37,64.76,275,3,646.15,Slow-Moving,37.7,
P0519,117,60,57,51.28,314,3,594.36,Slow-Moving,6.6,
P0161,78,77,1,98.72,488,3,332.64,Active,16.9,N
P0562,100,40,60,40.0,497,3,202.1,Deadstock,11.0,
P0367,88,71,17,80.68,659,3,239.74,Active,23.3,Y
P0348,88,72,16,81.82,497,3,310.28,Active,3.0,
P0771,82,31,51,37.8,641,3,188.27,Deadstock,30.5,
P0666,87,44,43,50.57,688,3,462.0,Slow-Moving,60.0,
P0480,71,39,32,54.93,126,3,400.8,Slow-Moving,24.7,
P0259,78,67,11,85.9,299,3,270.92,Active,-7.1,Y
P0569,159,92,67,57.86,649,3,236.35,Slow-Moving,-17.0,
P0053,74,35,39,47.3,639,3,400.85,Deadstock,44.2,Y
P0506,104,41,63,39.42,480,3,330.38,Deadstock,47.4,
P0614,88,88,0,100.0,202,3,529.65,Sold Out,12.7,N
P0095,62,53,9,85.48,129,3,122.67,Active,-14.0,Y
P0484,90,72,18,80.0,331,3,1279.66,Active,27.6,Y
P0713,78,33,45,42.31,112,3,162.4,Slow-Moving,33.0,Y
P0766,62,62,0,100.0,110,3,247.52,Sold Out,20.4,
P0105,107,53,54,49.53,498,3,274.08,Deadstock,43.3,Y
P0765,98,79,19,80.61,666,3,393.86,Active,32.5,
P0613,85,70,15,82.35,326,3,398.58,Active,25.8,
P0354,62,25,37,40.32,699,3,167.16,Deadstock,53.4,
P0737,80,39,41,48.75,489,3,211.97,Deadstock,38.5,
P0781,114,56,58,49.12,496,3,268.4,Deadstock,8.2,
P0525,104,56,48,53.85,290,3,439.75,Slow-Moving,37.9,
P0535,102,49,53,48.04,465,3,469.2,Deadstock,33.4,
P0242,63,48,15,76.19,279,3,616.58,Active,40.7,Y
P0334,100,68,32,68.0,317,3,201.74,Active,-6.8,N
P0072,103,71,32,68.93,670,3,516.4,Active,27.4,Y
P0475,100,36,64,36.0,129,3,259.84,Slow-Moving,18.7,
P0357,63,63,0,100.0,140,3,188.68,Sold Out,7.1,N
P0007,105,68,37,64.76,640,3,245.7,Slow-Moving,2.0,
P0524,107,36,71,33.64,143,3,177.39,Deadstock,23.6,N
P0404,82,82,0,100.0,250,3,204.86,Sold Out,6.5,
P0654,109,101,8,92.66,485,3,442.56,Active,-13.3,
P0501,116,76,40,65.52,462,3,345.98,Active,33.3,N
P0528,68,68,0,100.0,199,3,258.07,Sold Out,12.9,
P0529,80,67,13,83.75,282,3,122.87,Active,-8.8,
P0761,103,87,16,84.47,292,3,318.24,Active,0.8,Y
P0062,91,61,30,67.03,481,3,279.32,Active,5.4,Y
P0604,113,48,65,42.48,278,3,474.71,Deadstock,36.9,
P0446,118,46,72,38.98,680,3,550.16,Deadstock,21.9,
P0063,86,57,29,66.28,307,3,309.23,Active,16.2,N
P0432,79,56,23,70.89,148,3,209.75,Active,34.3,
P0038,117,30,87,25.64,152,3,193.46,Deadstock,48.8,Y
P0678,67,67,0,100.0,231,3,511.68,Sold Out,38.1,
P0630,117,43,74,36.75,681,3,503.27,Deadstock,54.6,N
P0665,72,72,0,100.0,228,3,294.26,Sold Out,-4.7,
P0129,104,90,14,86.54,686,3,720.44,Active,34.9,Y
P0786,87,14,73,16.09,113,2,58.42,Deadstock,56.2,
P0564,80,80,0,100.0,116,3,232.44,Sold Out,-3.1,N
P0166,84,60,24,71.43,655,3,170.86,Active,32.5,
P0550,106,78,28,73.58,685,3,372.12,Active,31.4,
P0008,65,65,0,100.0,176,3,294.71,Sold Out,4.8,
P0710,88,52,36,59.09,673,3,264.18,Slow-Moving,26.4,N
P0039,98,30,68,30.61,143,3,145.68,Deadstock,42.2,
P0622,72,28,44,38.89,681,3,241.84,Deadstock,58.6,Y
P0401,111,46,65,41.44,683,3,367.32,Deadstock,8.6,N
P0702,77,64,13,83.12,319,3,582.78,Active,34.9,
P0013,80,80,0,100.0,242,3,275.2,Sold Out,-6.1,
P0795,68,53,15,77.94,497,3,244.46,Active,14.1,N
P0620,118,36,82,30.51,310,3,362.48,Deadstock,41.8,
P0440,66,56,10,84.85,487,3,816.5,Active,20.5,
P0287,85,34,51,40.0,136,2,202.7,Slow-Moving,3.7,
P0145,100,78,22,78.0,277,3,290.33,Active,5.5,Y
P0571,63,63,0,100.0,96,3,138.48,Sold Out,-1.0,
P0414,103,27,76,26.21,467,3,243.22,Deadstock,42.8,
P0619,60,60,0,100.0,87,3,49.06,Sold Out,2.5,N
P0581,60,53,7,88.33,94,3,147.21,Active,32.3,N
P0478,88,64,24,72.73,151,3,331.99,Active,23.1,
P0026,74,26,48,35.14,139,3,397.59,Slow-Moving,59.9,Y
P0082,120,70,50,58.33,639,3,216.37,Slow-Moving,4.4,
P0362,99,44,55,44.44,640,3,68.4,Deadstock,23.3,Y
P0134,95,77,18,81.05,463,3,278.8,Active,4.3,N
P0002,105,66,39,62.86,150,3,214.92,Slow-Moving,1.0,N
P0594,92,42,50,45.65,683,3,224.7,Deadstock,8.2,
P0020,120,74,46,61.67,681,3,503.94,Slow-Moving,-3.9,Y
P0030,97,58,39,59.79,330,3,739.09,Slow-Moving,37.1,Y
P0335,102,34,68,33.33,149,3,77.57,Deadstock,29.9,
P0502,60,35,25,146.6850206930104,102,3,97.4,Slow-Moving,11.7,N
P0769,115,75,40,65.22,472,3,140.84,Active,25.8,
P0351,64,64,0,100.0,188,3,56.36,Sold Out,25.6,N
P0084,76,62,14,81.58,94,3,72.14,Active,-1.0,
P0496,91,29,62,31.87,98,3,104.67,Deadstock,22.5,Y
P0331,92,54,38,58.7,684,3,343.22,Slow-Moving,25.6,Y
P0054,92,92,0,100.0,245,3,777.24,Sold Out,10.2,Y
P0800,85,50,35,58.82,281,3,456.17,Slow-Moving,27.2,Y
P0174,81,67,14,82.72,652,3,361.12,Active,15.3,Y
P0437,114,39,75,34.21,501,3,157.43,Deadstock,41.0,Y
P0489,62,61,1,98.39,150,3,88.78,Active,6.4,N
P0680,74,42,32,56.76,113,3,278.67,Slow-Moving,8.9,Y
P0733,90 units,59,31,65.56,668,3,274.0,Active,25.6,
P0467,71,37,34,52.11,108,3,150.2,Slow-Moving,29.0,Y
P0752,67,59,8,88.06,693,3,442.95,Active,26.1,Y
P0679,81,59,22,72.84,147,3,165.25,Active,8.3,
P0424,84,76,8,90.48,135,3,147.55,Active,35.7,N
P0782,61,21,40,34.43,640,3,99.54,Deadstock,39.0,N
P0150,102,42,60,41.18,305,3,185.8,Deadstock,34.4,Y
P0517,80,33,47,41.25,511,3,369.99,Deadstock,53.0,Y
P0219,94,80,14,85.11,509,3,208.01,Active,-12.2,
P0495,98,92,6,93.88,494,3,546.0,Active,-7.1,N
P0465,99,47,52,47.47,105,3,144.71,Slow-Moving,17.0,
P0144,75,34,41,45.33,146,3,221.09,Slow-Moving,4.5,Y
P0127,111,87,24,78.38,679,3,373.52,Active,8.1,Y
P0153,60 units,27,33,45.0,99,3,166.53,Slow-Moving,40.5,N
P0239,80,50,30,62.5,467,3,135.75,Slow-Moving,35.2,Y
P0536,106,89,17,83.96,675,3,317.33,Active,-4.4,
P0703,72,40,32,55.56,125,3,62.93,Slow-Moving,28.8,
P0248,82,47,35,57.32,695,3,264.13,Slow-Moving,21.2,
P0109,89,68,21,76.4,663,3,148.48,Active,17.1,
P0384,66,41,25,62.12,101,3,28.0,Slow-Moving,23.7,Y
P0338,87,39,48,44.83,664,3,121.06,Deadstock,44.6,
P0778,92,91,1,98.91,487,3,673.89,Active,32.2,Y
P0045,118,37,81,31.36,275,3,338.4,Deadstock,31.9,
P0406,94,93,1,98.94,483,3,487.67,Active,-1.7,
P0635,92,73,19,79.35,508,3,335.43,Active,-4.9,
P0507,116,20,96,17.24,492,3,188.01,Deadstock,55.9,Y
P0325,119,33,86,27.73,124,3,291.72,Deadstock,34.5,
P0711,144,66,78,45.83,469,3,331.65,Deadstock,-10.4,
P0169,116,50,66,43.1,696,3,631.5,Deadstock,33.3,Y
P0138,118,55,63,46.61,150,3,128.88,Slow-Moving,24.3,Y
P0423,63,63,0,100.0,163,3,194.36,Sold Out,7.3,
P0221,87,47,40,54.02,673,3,201.26,Slow-Moving,29.9,Y
P0226,71,64,7,90.14,306,3,277.68,Active,-15.4,Y
P0455,77,48,29,62.34,94,3,139.81,Slow-Moving,28.0,
P0520,78,50,28,64.1,117,3,94.17,Slow-Moving,42.7,Y
P0676,64,46,18,71.88,285,3,190.25,Active,46.4,Y
P0580,63,42,21,66.67,141,3,394.23,Active,10.5,N
P0356,87,77,10,88.51,666,3,692.58,Active,8.6,
P0712,93,53,40,56.99,675,3,373.35,Slow-Moving,42.1,
P0137,98,62,36,63.27,279,3,131.83,Slow-Moving,-13.2,
P0793,62,62,0,100.0,111,3,151.16,Sold Out,19.4,Y
P0682,111,30,81,27.03,649,3,306.66,Deadstock,41.3,
P0603,98,61,37,62.24,289,3,444.07,Slow-Moving,8.1,Y
P0730,106,71,35,66.98,113,3,186.42,Active,32.1,
P0697,111,70,41,63.06,645,3,376.26,Slow-Moving,21.8,
P0725,78,67,11,85.9,118,3,192.91,Active,30.2,Y
P0294,63,41,22,65.08,140,3,257.26,Active,17.1,Y
P0755,98,29,69,29.59,93,3,95.31,Deadstock,9.1,
P0011,75,42,33,56.0,484,3,289.4,Slow-Moving,22.1,
P0768,78,66,12,84.62,504,3,348.37,Active,17.0,Y
P0541,67,67,0,100.0,217,3,390.4,Sold Out,-10.3,N
P0252,60,60,0,100.0,90,3,125.18,Sold Out,-5.5,
P0208,79,79,0,100.0,250,3,569.9,Sold Out,15.9,Y
P0394,94,41,53,43.62,146,3,179.11,Slow-Moving,39.6,
P0070,84,84,0,100.0,145,3,739.68,Sold Out,3.6,Y
P0195,64,64,0,100.0,219,3,597.26,Sold Out,11.4,N
P0573,103,33,70,32.04,489,3,281.01,Deadstock,53.4,N
P0608,95,51,44,53.68,137,3,266.65,Slow-Moving,33.4,N
P0113,115,38,77,33.04,124,3,85.59,Deadstock,16.1,
P0326,103,39,64,37.86,477,3,199.26,Deadstock,35.2,N
P0313,71,57,14,80.28,290,3,352.58,Active,36.1,
P0433,100,77,23,77.0,278,3,421.35,Active,-10.3,
P0503,106,44,62,41.51,148,3,213.65,Slow-Moving,20.2,N
P0342,73,45,28,61.64,463,3,188.86,Slow-Moving,26.6,Y
P0612,94,39,55,41.49,507,3,501.7,Deadstock,47.0,N
P0708,102 units,70,32,68.63,655,3,265.06,Active,32.1,Y
P0508,112,77,35,68.75,319,3,126.17,Active,3.9,N
P0442,60,40,20,66.67,698,3,288.94,Active,43.2,Y
P0282,116,45,71,38.79,480,3,121.79,Deadstock,-17.0,
P0408,90,25,65,27.78,126,3,105.43,Deadstock,38.2,Y
P0188,119,77,42,64.71,333,3,395.19,Slow-Moving,8.5,Y
P0443,88,51,37,57.95,120,3,157.04,Slow-Moving,34.6,
P0728,102,80,22,78.43,502,3,511.08,Active,-7.6,
P0460,65,65,0,100.0,129,3,246.15,Sold Out,5.9,
P0093,65,48,17,73.85,649,3,307.82,Active,32.4,
P0411,76,73,3,96.05,663,3,154.27,Active,-3.0,N
P0575,102,73,29,71.57,693,3,319.02,Active,-2.8,N
P0783,108,72,36,66.67,652,3,769.93,Active,9.1,N
P0504,78,78,0,100.0,203,3,236.52,Sold Out,31.3,Y
P0476,81,72,9,88.89,695,3,208.23,Active,6.8,
P0724,106,62,44,58.49,325,3,214.5,Slow-Moving,35.6,Y
P0558,91,39,52,42.86,152,3,58.41,Deadstock,29.6,
P0131,99,71,28,71.72,664,3,218.15,Active,7.1,N
P0729,68,41,27,60.29,308,3,323.2,Slow-Moving,55.7,N
P0563,97,97,0,100.0,238,3,209.0,Sold Out,6.4,N
P0610,81,54,27,66.67,699,3,242.76,Active,24.0,Y
P0198,68,31,37,45.59,97,3,159.77,Slow-Moving,17.6,
P0216,101,55,46,54.46,680,3,129.07,Slow-Moving,21.2,Y
P0673,69,45,24,65.22,690,3,174.89,Active,43.3,
P0794,68,48,20,70.59,278,3,163.57,Active,45.1,
P0717,87,75,12,86.21,508,3,481.3,Active,32.2,N
P0482,106,25,81,23.58,675,3,88.16,Deadstock,30.3,N
P0576,85,43,42,50.59,312,3,340.46,Slow-Moving,45.4,Y
P0472,86,36,50,41.86,120,3,76.91,Slow-Moving,35.1,
P0441,75,42,33,56.0,494,3,568.67,Slow-Moving,26.1,
P0657,84 units,49,35,58.33,101,3,121.49,Slow-Moving,4.2,
P0258,65,47,18,72.31,511,3,321.43,Active,-9.1,
P0429,100,46,54,46.0,112,3,99.2,Slow-Moving,28.6,N
P0763,84,33,51,39.29,482,3,102.24,Deadstock,0.7,
P0498,104,61,43,58.65,497,3,267.66,Slow-Moving,17.1,Y
P0636,80,33,47,41.25,476,3,287.38,Deadstock,36.9,Y
P0491,69,69,0,100.0,201,3,217.08,Sold Out,40.4,
P0461,96,65,31,67.71,640,3,347.48,Active,40.4,N
P0077,103,87,16,84.47,286,3,242.26,Active,23.5,
P0553,76,76,0,100.0,225,3,335.2,Sold Out,3.2,
P0701,112,42,70,37.5,494,3,116.48,Deadstock,16.3,
P0707,84,48,36,57.14,284,3,368.16,Slow-Moving,40.2,
P0066,73,66,7,90.41,302,3,185.75,Active,39.1,
P0736,80 units,47,33,58.75,650,3,155.82,Slow-Moving,21.4,
P0207,79,61,18,77.22,112,3,207.76,Active,26.0,N
P0009,117,83,34,70.94,675,3,476.89,Active,27.6,N
P0078,69,69,0,100.0,156,3,201.12,Sold Out,13.9,
P0693,60 units,60,0,100.0,163,3,377.09,Sold Out,39.4,N
P0059,117,56,61,47.86,315,3,876.28,Deadstock,23.8,
P0473,98,61,37,62.24,117,3,286.96,Slow-Moving,-5.6,N
P0425,139,66,73,47.48,102,3,144.75,Slow-Moving,-13.7,N
P0378,66,66,0,100.0,155,3,326.97,Sold Out,-7.1,
P0481,84,83,1,98.81,492,3,165.55,Active,-8.2,
P0497,109,46,63,42.2,276,3,282.92,Deadstock,16.4,Y
P0632,77,44,33,57.14,291,3,320.64,Slow-Moving,33.8,
P0770,60,56,4,93.33,661,3,367.19,Active,-4.1,N
P0320,99,43,56,43.43,147,3,359.72,Slow-Moving,16.4,N
P0365,68,49,19,72.06,468,3,328.0,Active,23.4,N
P0413,82,55,27,67.07,136,3,92.96,Active,31.9,Y
P0142,72,51,21,70.83,280,3,265.85,Active,-8.9,
P0089,96,64,32,66.67,465,3,89.5,Active,26.1,
P0648,65,45,20,69.23,470,3,159.49,Active,30.3,
P0324,115,73,42,63.48,681,3,401.15,Slow-Moving,40.3,Y
P0322,71,44,27,61.97,136,3,137.35,Slow-Moving,4.5,
P0061,63,35,28,55.56,109,2,77.94,Slow-Moving,7.9,N
P0487,101,50,51,49.5,283,3,478.12,Deadstock,25.8,
P0386,113,50,63,44.25,114,3,185.26,Slow-Moving,17.8,N
P0420,76,61,15,80.26,482,3,431.16,Active,-9.2,
P0434,99,57,42,57.58,660,3,811.3,Slow-Moving,20.7,Y
P0302,92,69,23,75.0,111,3,217.5,Active,31.5,
P0779,93,50,43,53.76,682,3,438.09,Slow-Moving,19.2,Y
P0297,67,67,0,100.0,202,3,310.05,Sold Out,7.5,Y
P0316,84,27,57,32.14,105,3,116.3,Deadstock,16.9,
P0745,112,52,60,46.43,283,3,176.64,Deadstock,33.1,N
P0047,91,44,47,48.35,324,3,158.11,Deadstock,55.4,N
P0087,114,48,66,42.11,136,3,255.79,Slow-Moving,-7.5,Y
P0110,85,55,30,64.71,274,3,511.99,Slow-Moving,22.3,
P0361,106,101,5,95.28,685,3,496.57,Active,-14.7,
P0646,68,29,39,42.65,111,3,118.8,Slow-Moving,9.9,
P0017,77,59,18,76.62,644,3,212.25,Active,21.7,N
P0494,81,49,32,60.49,473,3,221.95,Slow-Moving,27.8,
P0194,95,46,49,48.42,145,3,136.22,Slow-Moving,33.5,N
P0762,60,60,-32,100.0,140,3,363.07,Sold Out,-4.5,
P0629,69,69,0,100.0,212,3,472.77,Sold Out,36.3,N
P0402,63,47,16,74.6,113,3,110.05,Active,19.1,
P0540,102,62,40,60.78,136,3,465.25,Slow-Moving,32.1,N
P0439,67,62,5,92.54,649,3,397.8,Active,24.6,Y
P0141,78,40,38,51.28,669,3,316.07,Slow-Moving,44.4,
P0199,97,57,40,58.76,116,3,84.48,Slow-Moving,17.1,
P0468,67,67,0,100.0,187,3,268.92,Sold Out,-1.3,
P0015,116,36,80,31.03,471,3,336.15,Deadstock,39.4,Y
P0088,141,83,58,58.87,477,3,154.71,Slow-Moving,-18.7,Y
P0266,64,23,41,35.94,667,3,57.61,Deadstock,25.6,N
P0263,101,37,64,36.63,120,3,94.28,Slow-Moving,17.7,
P0223,97,42,55,43.3,123,3,239.4,Slow-Moving,10.1,
P0260,70,70,0,100.0,163,3,477.0,Sold Out,30.5,Y
P0004,99,31,68,31.31,283,3,464.0,Deadstock,29.0,Y
P0355,117,83,34,70.94,333,3,480.9,Active,11.9,
P0490,119,35,84,29.41,152,2,128.44,Deadstock,32.8,
P0616,111,105,6,94.59,649,3,581.31,Active,-3.1,Y
P0474,88,88,0,100.0,210,3,162.97,Sold Out,-1.3,N
P0662,75,43,32,57.33,114,3,320.53,Slow-Moving,13.9,
P0140,114,38,76,33.33,666,3,230.0,Deadstock,29.0,
P0068,70,44,26,62.86,309,3,377.4,Slow-Moving,22.8,N
P0516,119,86,33,72.27,488,3,563.19,Active,22.8,Y
P0343,109,47,62,43.12,652,3,168.75,Deadstock,28.5,N
P0057,90,32,58,35.56,101,2,80.32,Slow-Moving,31.6,
P0305,120,53,67,44.17,459,3,357.34,Deadstock,16.3,
P0052,78,54,24,69.23,324,3,433.71,Active,42.2,
P0514,62,38,24,61.29,694,3,332.71,Slow-Moving,27.6,N
P0466,80,38,42,47.5,672,3,265.68,Deadstock,18.1,
P0531,69,31,38,44.93,462,3,363.44,Deadstock,54.0,
P0306,93,43,50,46.24,298,3,215.2,Deadstock,23.3,Y
P0435,104,37,67,35.58,113,3,284.2,Slow-Moving,31.7,
P0538,67,67,0,123.3266515236317,170,3,533.76,Sold Out,26.4,
P0696,75,71,4,94.67,641,3,302.05,Active,-4.1,
P0358,93,72,21,77.42,474,3,417.8,Active,8.9,N
P0187,76,68,8,89.47,298,3,277.45,Active,26.9,
P0556,94,47,47,50.0,135,3,80.29,Slow-Moving,12.3,N
P0130,68,57,-44,83.82,698,3,615.04,Active,41.7,N
P0360,102,64,38,62.75,668,3,941.48,Slow-Moving,34.2,N
P0245,80,66,14,82.5,147,3,436.61,Active,21.8,Y
P0256,90,77,13,85.56,292,3,365.84,Active,43.3,
P0391,90,63,27,70.0,309,3,394.38,Active,34.8,
P0721,71,71,0,100.0,166,3,752.25,Sold Out,29.1,
P0155,101,53,48,52.48,680,3,670.09,Slow-Moving,55.8,
P0372,90,30,60,33.33,117,3,157.25,Deadstock,18.1,Y
P0799,115,71,44,61.74,498,3,122.67,Slow-Moving,3.8,
P0583,105,59,46,56.19,672,3,543.32,Slow-Moving,14.0,
P0760,90,51,39,56.67,96,2,73.26,Slow-Moving,37.6,Y
P0159,98,30,68,30.61,329,3,300.53,Deadstock,57.7,
P0756,62,50,12,80.65,100,3,274.23,Active,34.4,
P0272,84,20,64,23.81,144,3,68.67,Deadstock,22.5,
P0485,79,36,43,45.57,684,3,119.48,Deadstock,31.6,
P0147,79,46,33,58.23,513,3,541.5,Slow-Moving,20.1,
P0718,81,26,55,32.1,119,3,170.58,Deadstock,36.1,Y
P0395,92,31,61,33.7,648,3,482.09,Deadstock,48.6,
P0419,93,52,41,55.91,509,3,735.44,Slow-Moving,31.1,
P0577,74,74,-38,100.0,225,3,220.72,Sold Out,21.1,Y
P0792,82,39,43,47.56,459,3,129.74,Deadstock,21.9,
P0681,61,47,14,77.05,124,3,60.18,Active,9.0,
P0589,108,93,15,86.11,647,3,386.78,Active,15.0,Y
P0291,101,77,24,76.24,485,3,239.37,Active,1.1,N
P0412,88,85,3,96.59,491,3,376.15,Active,19.2,Y
P0631,117,88,29,75.21,484,3,415.61,Active,23.4,Y
P0214,112,54,58,48.21,328,3,272.78,Deadstock,-9.5,
P0359,96,69,27,71.88,128,3,92.59,Active,7.0,Y
P0181,91,44,47,48.35,106,3,34.92,Slow-Moving,17.9,
P0381,71,51,20,71.83,316,3,278.25,Active,16.6,N
P0100,110,44,66,40.0,317,3,474.65,Deadstock,47.3,Y
P0136,77,40,37,51.95,118,2,78.88,Slow-Moving,27.4,Y
P0177,103,18,85,17.48,148,3,175.3,Deadstock,44.5,Y
P0505,111,55,56,144.20251715763678,678,3,170.4,Deadstock,-11.6,Y
P0560,76,76,0,100.0,109,3,128.72,Sold Out,3.5,
P0597,102,48,54,47.06,664,3,357.7,Deadstock,25.8,
P0797,115,62,53,53.91,505,3,1033.29,Slow-Moving,32.2,Y
P0040,98,31,67,31.63,696,3,273.21,Deadstock,31.2,Y
P0341,112,47,65,41.96,467,3,746.4,Deadstock,39.9,
P0003,100,41,59,41.0,473,3,317.2,Deadstock,31.9,N
P0452,81,43,38,53.09,120,3,253.45,Slow-Moving,40.8,N
P0069,73,73,0,100.0,166,3,417.12,Sold Out,-5.9,N
P0209,110,55,55,50.0,660,3,458.92,Slow-Moving,7.9,Y
P0609,88,61,27,69.32,128,3,422.1,Active,45.1,N
P0421,70,55,15,78.57,674,3,210.24,Active,25.3,
P0254,79,79,0,100.0,208,3,399.57,Sold Out,2.5,
P0340,105,51,54,48.57,515,3,256.53,Deadstock,49.6,
P0410,88 units,46,42,52.27,484,3,162.89,Slow-Moving,29.5,
P0112,115,66,49,57.39,511,3,707.93,Slow-Moving,12.4,Y
P0225,100,59,41,59.0,654,3,528.05,Slow-Moving,19.9,
P0545,64,64,0,100.0,167,3,355.85,Sold Out,46.2,
P0074,65,58,7,89.23,467,3,402.6,Active,22.2,N
P0048,63,36,27,57.14,275,3,193.78,Slow-Moving,15.6,Y
P0639,93,70,23,75.27,303,3,293.21,Active,39.9,
P0114,97,50,47,51.55,660,3,448.55,Slow-Moving,21.1,N
P0097,112,23,89,20.54,100,2,35.98,Deadstock,34.5,
P0738,103,36,67,34.95,109,3,105.76,Deadstock,15.7,N
P0215,88,51,37,57.95,662,3,280.0,Slow-Moving,16.0,
P0570,95,41,54,43.16,496,3,385.79,Deadstock,35.4,Y
P0124,91,68,23,74.73,481,3,415.85,Active,11.1,Y
P0107,74,74,0,100.0,177,3,361.2,Sold Out,-0.5,N
P0596,105,40,65,38.1,110,3,76.18,Slow-Moving,14.9,
P0018,62,54,8,87.1,675,3,266.86,Active,48.5,
P0743,100,46,54,46.0,275,3,242.83,Deadstock,20.8,Y
P0099,111,50,61,45.05,668,3,439.78,Deadstock,29.9,Y
P0323,109,47,62,43.12,130,3,478.96,Slow-Moving,18.9,
P0383,82,42,40,51.22,475,3,319.33,Slow-Moving,40.8,Y
P0366,62,62,0,100.0,164,3,328.14,Sold Out,4.5,Y
P0511,73,73,0,100.0,205,3,263.69,Sold Out,26.1,
